url,filename,eid,feoid,refid,referencing_articles,reference_count
https://nwxcorp.file.force.com/servlet/rtaImage?eid=ka0Qk000000Dlab&amp;feoid=00N0g000004CA0p&amp;refid=0EM4u000007ccr9,servlet_image_bfbd6f62d37f.png,ka0Qk000000Dlab,,,"ka0Qk000000DlabIAC:Rolling-Log Fix: ERROR ""HubDetails - Crypto error. Has the agent process account changed since the password data was entered?""",1
https://nwxcorp.file.force.com/servlet/rtaImage?eid=ka0Qk000000Dlab&amp;feoid=00N0g000004CA0p&amp;refid=0EM4u000007ccrA,servlet_image_952ade61c08e.png,ka0Qk000000Dlab,,,"ka0Qk000000DlabIAC:Rolling-Log Fix: ERROR ""HubDetails - Crypto error. Has the agent process account changed since the password data was entered?""",1
https://nwxcorp.file.force.com/servlet/rtaImage?eid=ka0Qk000000Dlab&amp;feoid=00N0g000004CA0p&amp;refid=0EM4u000007ccrB,servlet_image_fba889f5a3e1.png,ka0Qk000000Dlab,,,"ka0Qk000000DlabIAC:Rolling-Log Fix: ERROR ""HubDetails - Crypto error. Has the agent process account changed since the password data was entered?""",1
https://nwxcorp.file.force.com/servlet/rtaImage?eid=ka0Qk000000Dlab&amp;feoid=00N0g000004CA0p&amp;refid=0EM4u000007ccrC,servlet_image_92d3f54af868.png,ka0Qk000000Dlab,,,"ka0Qk000000DlabIAC:Rolling-Log Fix: ERROR ""HubDetails - Crypto error. Has the agent process account changed since the password data was entered?""",1
https://nwxcorp.file.force.com/servlet/rtaImage?eid=ka0Qk000000Dlab&amp;feoid=00N0g000004CA0p&amp;refid=0EM4u000007ccrD,servlet_image_82cb14f649a7.png,ka0Qk000000Dlab,,,"ka0Qk000000DlabIAC:Rolling-Log Fix: ERROR ""HubDetails - Crypto error. Has the agent process account changed since the password data was entered?""",1
https://nwxcorp.file.force.com/servlet/rtaImage?eid=ka0Qk000000DZWD&amp;feoid=00N0g000004CA0p&amp;refid=0EM4u000007cexF,servlet_image_40931d6aed72.png,ka0Qk000000DZWD,,,ka0Qk000000DZWDIA4:Netwrix Gen 7 Agent Error. WinHttp.WinHttpRequest: The Connection With the Server Was Terminated Abnormally,1
https://nwxcorp.file.force.com/servlet/rtaImage?eid=ka0Qk000000DOPV&amp;feoid=00N0g000004CA0p&amp;refid=0EM4u000007cf5s,servlet_image_81b5c946bdef.png,ka0Qk000000DOPV,,,ka0Qk000000DOPVIA4:How to Determine Your .NET Framework Version,1
https://nwxcorp.file.force.com/servlet/rtaImage?eid=ka0Qk000000DOPV&amp;feoid=00N0g000004CA0p&amp;refid=0EM4u000007cf5t,servlet_image_c73dd63eae57.png,ka0Qk000000DOPV,,,ka0Qk000000DOPVIA4:How to Determine Your .NET Framework Version,1
https://nwxcorp.file.force.com/servlet/rtaImage?eid=ka0Qk00000078VV&amp;feoid=00N0g000004CA0p&amp;refid=0EMQk00000863Ej,servlet_image_0d493316b575.png,ka0Qk00000078VV,,,ka0Qk00000078VVIAY:How to Determine If the Default Agent Password Is in Use,1
https://nwxcorp.file.force.com/servlet/rtaImage?eid=ka0Qk00000078VV&amp;feoid=00N0g000004CA0p&amp;refid=0EMQk00000860Li,servlet_image_1266710d3c42.png,ka0Qk00000078VV,,,ka0Qk00000078VVIAY:How to Determine If the Default Agent Password Is in Use,1
https://nwxcorp.file.force.com/servlet/rtaImage?eid=ka0Qk00000078VV&amp;feoid=00N0g000004CA0p&amp;refid=0EMQk0000085xEB,servlet_image_d4217e13d791.png,ka0Qk00000078VV,,,ka0Qk00000078VVIAY:How to Determine If the Default Agent Password Is in Use,1
https://nwxcorp.file.force.com/servlet/rtaImage?eid=ka0Qk00000078VV&amp;feoid=00N0g000004CA0p&amp;refid=0EMQk00000863eX,servlet_image_b2857bfc3b9a.png,ka0Qk00000078VV,,,ka0Qk00000078VVIAY:How to Determine If the Default Agent Password Is in Use,1
https://nwxcorp.file.force.com/servlet/rtaImage?eid=ka0Qk00000078VV&amp;feoid=00N0g000004CA0p&amp;refid=0EMQk0000085xm3,servlet_image_a26958f59b61.png,ka0Qk00000078VV,,,ka0Qk00000078VVIAY:How to Determine If the Default Agent Password Is in Use,1
https://nwxcorp.file.force.com/servlet/rtaImage?eid=ka0Qk00000078VV&amp;feoid=00N0g000004CA0p&amp;refid=0EMQk0000085xZ8,servlet_image_7e798a4995d0.png,ka0Qk00000078VV,,,ka0Qk00000078VVIAY:How to Determine If the Default Agent Password Is in Use,1
https://nwxcorp.file.force.com/servlet/rtaImage?eid=ka0Qk0000005oqb&amp;feoid=00N0g000004CA0p&amp;refid=0EM4u000008pZbw,servlet_image_59c650b99dc7.png,ka0Qk0000005oqb,,,ka0Qk0000005oqbIAA:How to Backup / Restore / Move your MongoDB Database,1
https://nwxcorp.file.force.com/servlet/rtaImage?eid=ka0Qk0000005oqb&amp;feoid=00N0g000004CA0p&amp;refid=0EM4u000008pZc1,servlet_image_6e8388431812.png,ka0Qk0000005oqb,,,ka0Qk0000005oqbIAA:How to Backup / Restore / Move your MongoDB Database,1
https://nwxcorp.file.force.com/servlet/rtaImage?eid=ka0Qk0000005oqb&amp;feoid=00N0g000004CA0p&amp;refid=0EM4u000008pZc6,servlet_image_71023f660dc6.png,ka0Qk0000005oqb,,,ka0Qk0000005oqbIAA:How to Backup / Restore / Move your MongoDB Database,1
https://nwxcorp.file.force.com/servlet/rtaImage?eid=ka0Qk0000005oqb&amp;feoid=00N0g000004CA0p&amp;refid=0EM4u000008pZcB,servlet_image_fea887cbc182.png,ka0Qk0000005oqb,,,ka0Qk0000005oqbIAA:How to Backup / Restore / Move your MongoDB Database,1
https://nwxcorp.file.force.com/servlet/rtaImage?eid=ka0Qk0000000rU9&amp;feoid=00N0g000004CA0p&amp;refid=0EMQk000001gcI2,servlet_image_deadc0d66293.png,ka0Qk0000000rU9,,,ka0Qk0000000rU9IAI:Resubmit a Group of Unplanned Changes,1
https://nwxcorp.file.force.com/servlet/rtaImage?eid=ka0Qk0000000rU9&amp;feoid=00N0g000004CA0p&amp;refid=0EMQk000001gbqc,servlet_image_3a688878752d.png,ka0Qk0000000rU9,,,ka0Qk0000000rU9IAI:Resubmit a Group of Unplanned Changes,1
https://nwxcorp.file.force.com/servlet/rtaImage?eid=ka0Qk0000000rU9&amp;feoid=00N0g000004CA0p&amp;refid=0EMQk000001gcwL,servlet_image_90e33359931f.png,ka0Qk0000000rU9,,,ka0Qk0000000rU9IAI:Resubmit a Group of Unplanned Changes,1
https://nwxcorp.file.force.com/servlet/rtaImage?eid=ka0Qk0000000rU9&amp;feoid=00N0g000004CA0p&amp;refid=0EMQk000001gcxx,servlet_image_957542db3e18.png,ka0Qk0000000rU9,,,ka0Qk0000000rU9IAI:Resubmit a Group of Unplanned Changes,1
https://nwxcorp.file.force.com/servlet/rtaImage?eid=ka04u000000wwI4&amp;feoid=00N0g000004CA0p&amp;refid=0EM4u000008pf0d,servlet_image_62b8d2a547bf.png,ka04u000000wwI4,,,ka04u000000wwI4AAI:How to Retrieve Baseline Events After the Agent Restarts?,1
https://nwxcorp.file.force.com/servlet/rtaImage?eid=ka04u000000wwI4&amp;feoid=00N0g000004CA0p&amp;refid=0EM4u000008pf0J,servlet_image_e1f508bb6968.png,ka04u000000wwI4,,,ka04u000000wwI4AAI:How to Retrieve Baseline Events After the Agent Restarts?,1
https://nwxcorp.file.force.com/servlet/rtaImage?eid=ka04u000000QmfV&amp;feoid=00N0g000004CA0p&amp;refid=0EM4u000007cgRa,servlet_image_97d9dc5a7cd1.png,ka04u000000QmfV,,,ka04u000000QmfVAAS:How to Integrate ServiceNow into Change Tracker Environment,1
https://nwxcorp.file.force.com/servlet/rtaImage?eid=ka04u000000QmfV&amp;feoid=00N0g000004CA0p&amp;refid=0EM4u000007cgRb,servlet_image_6aebd44be4a7.png,ka04u000000QmfV,,,ka04u000000QmfVAAS:How to Integrate ServiceNow into Change Tracker Environment,1
https://nwxcorp.file.force.com/servlet/rtaImage?eid=ka04u000000QmfV&amp;feoid=00N0g000004CA0p&amp;refid=0EM4u000007cgRc,servlet_image_d587568fde46.png,ka04u000000QmfV,,,ka04u000000QmfVAAS:How to Integrate ServiceNow into Change Tracker Environment,1
https://nwxcorp.file.force.com/servlet/rtaImage?eid=ka04u000000QmfV&amp;feoid=00N0g000004CA0p&amp;refid=0EM4u000007cgRd,servlet_image_b13232be30b4.png,ka04u000000QmfV,,,ka04u000000QmfVAAS:How to Integrate ServiceNow into Change Tracker Environment,1
https://nwxcorp.file.force.com/servlet/rtaImage?eid=ka04u000000QmfV&amp;feoid=00N0g000004CA0p&amp;refid=0EM4u000007cgRe,servlet_image_40f73055b3ba.png,ka04u000000QmfV,,,ka04u000000QmfVAAS:How to Integrate ServiceNow into Change Tracker Environment,1
https://nwxcorp.file.force.com/servlet/rtaImage?eid=ka04u000000QmfV&amp;feoid=00N0g000004CA0p&amp;refid=0EM4u000007cgRf,servlet_image_09206b5975c0.png,ka04u000000QmfV,,,ka04u000000QmfVAAS:How to Integrate ServiceNow into Change Tracker Environment,1
https://nwxcorp.file.force.com/servlet/rtaImage?eid=ka04u000000QmfV&amp;feoid=00N0g000004CA0p&amp;refid=0EM4u000007cgRg,servlet_image_205ac7249561.png,ka04u000000QmfV,,,ka04u000000QmfVAAS:How to Integrate ServiceNow into Change Tracker Environment,1
https://nwxcorp.file.force.com/servlet/rtaImage?eid=ka04u000000QmfV&amp;feoid=00N0g000004CA0p&amp;refid=0EM4u000007cgRh,servlet_image_5ac9ccb65458.png,ka04u000000QmfV,,,ka04u000000QmfVAAS:How to Integrate ServiceNow into Change Tracker Environment,1
https://nwxcorp.file.force.com/servlet/rtaImage?eid=ka04u000000QmfV&amp;feoid=00N0g000004CA0p&amp;refid=0EM4u000007cgRi,servlet_image_01a269e8accf.png,ka04u000000QmfV,,,ka04u000000QmfVAAS:How to Integrate ServiceNow into Change Tracker Environment,1
https://nwxcorp.file.force.com/servlet/rtaImage?eid=ka04u000000QmfV&amp;feoid=00N0g000004CA0p&amp;refid=0EM4u000007cgRj,servlet_image_54c30330c656.png,ka04u000000QmfV,,,ka04u000000QmfVAAS:How to Integrate ServiceNow into Change Tracker Environment,1
https://nwxcorp.file.force.com/servlet/rtaImage?eid=ka04u000000QmfV&amp;feoid=00N0g000004CA0p&amp;refid=0EM4u000007cgRk,servlet_image_4ef93cebf221.png,ka04u000000QmfV,,,ka04u000000QmfVAAS:How to Integrate ServiceNow into Change Tracker Environment,1
https://nwxcorp.file.force.com/servlet/rtaImage?eid=ka04u000000Qmcb&amp;feoid=00N0g000004CA0p&amp;refid=0EM4u000007cf9k,servlet_image_013ddef59865.png,ka04u000000Qmcb,,,ka04u000000QmcbAAC:How to Change Admin Password for Mongo Database,1
https://nwxcorp.file.force.com/servlet/rtaImage?eid=ka04u000000Qmcb&amp;feoid=00N0g000004CA0p&amp;refid=0EM4u000007cf9V,servlet_image_b8466912f575.png,ka04u000000Qmcb,,,ka04u000000QmcbAAC:How to Change Admin Password for Mongo Database,1
https://nwxcorp.file.force.com/servlet/rtaImage?eid=ka04u000000Qmcb&amp;feoid=00N0g000004CA0p&amp;refid=0EM4u000007cf9f,servlet_image_5d5407b61b0f.png,ka04u000000Qmcb,,,ka04u000000QmcbAAC:How to Change Admin Password for Mongo Database,1
https://nwxcorp.file.force.com/servlet/rtaImage?eid=ka04u000000Qmcb&amp;feoid=00N0g000004CA0p&amp;refid=0EM4u000007cf9u,servlet_image_df412bb4a35f.png,ka04u000000Qmcb,,,ka04u000000QmcbAAC:How to Change Admin Password for Mongo Database,1
https://nwxcorp.file.force.com/servlet/rtaImage?eid=ka04u000000Qmbn&amp;feoid=00N0g000004CA0p&amp;refid=0EM4u000007cew7,servlet_image_ac66c1b179c8.png,ka04u000000Qmbn,,,ka04u000000QmbnAAC:HTTP Error 500.19 - Internal Server Error - Error Code 0x8007007e,1
